{
  "run_timestamp": "20260428_055157",
  "run_directory": "outputs/results/evaluation/profile_coherent_light_gcn/20260428_055157",
  "output_directory": "outputs/analysis/profile_coherent_decomposition/20260428_055157",
  "metric_columns": [
    "ndcg_at_k_mean",
    "ndcg_at_k_std",
    "roi_at_k_mean",
    "roi_at_k_std",
    "recall_at_k_mean",
    "recall_at_k_std",
    "profile_coherence_at_k_mean",
    "profile_coherence_at_k_std",
    "profile_coherence_lift_at_k_mean",
    "profile_coherence_lift_at_k_std"
  ],
  "ablation_rows": [
    {
      "trial_id": "7b1e6_00000",
      "ndcg_at_k_mean": 0.3288722217663808,
      "ndcg_at_k_std": 0.07375004424443084,
      "roi_at_k_mean": -0.005524863317110651,
      "roi_at_k_std": 0.042874544969336306,
      "recall_at_k_mean": 0.4938263259068683,
      "recall_at_k_std": 0.08342401810390099,
      "profile_coherence_at_k_mean": 0.7934142090993024,
      "profile_coherence_at_k_std": 0.008031412427826819,
      "profile_coherence_lift_at_k_mean": 1.1700413569910513,
      "profile_coherence_lift_at_k_std": 0.018715300180696354,
      "split_count": 69,
      "profile_embedding_enabled": false,
      "profile_coherence_enabled": false,
      "profile_coherence_lambda": 0.5,
      "coherent_share": 0.7933885321535558,
      "mean_monthly_return_overall": -0.00794456214350078,
      "mean_monthly_return_coherent": -0.00857631274055246,
      "mean_monthly_return_discordant": -0.005518638335367928
    },
    {
      "trial_id": "7b1e6_00001",
      "ndcg_at_k_mean": 0.32332730572960594,
      "ndcg_at_k_std": 0.07242008476105846,
      "roi_at_k_mean": -0.005151337056174417,
      "roi_at_k_std": 0.041651887072426466,
      "recall_at_k_mean": 0.4857575186508531,
      "recall_at_k_std": 0.08215003987307141,
      "profile_coherence_at_k_mean": 0.828342854892422,
      "profile_coherence_at_k_std": 0.008789914632931292,
      "profile_coherence_lift_at_k_mean": 1.216154095896674,
      "profile_coherence_lift_at_k_std": 0.01407234820851239,
      "split_count": 69,
      "profile_embedding_enabled": false,
      "profile_coherence_enabled": true,
      "profile_coherence_lambda": 0.5,
      "coherent_share": 0.8285172848594398,
      "mean_monthly_return_overall": -0.007479009356917408,
      "mean_monthly_return_coherent": -0.007585371254149492,
      "mean_monthly_return_discordant": -0.0069651227518739145
    },
    {
      "trial_id": "7b1e6_00002",
      "ndcg_at_k_mean": 0.3147324590406391,
      "ndcg_at_k_std": 0.0636135964635969,
      "roi_at_k_mean": -0.004367955700465959,
      "roi_at_k_std": 0.04091843974287261,
      "recall_at_k_mean": 0.4796070720428878,
      "recall_at_k_std": 0.07268843506077355,
      "profile_coherence_at_k_mean": 0.7840324454892914,
      "profile_coherence_at_k_std": 0.009970705009880707,
      "profile_coherence_lift_at_k_mean": 1.1479005824479314,
      "profile_coherence_lift_at_k_std": 0.019312046516428344,
      "split_count": 69,
      "profile_embedding_enabled": true,
      "profile_coherence_enabled": false,
      "profile_coherence_lambda": 0.5,
      "coherent_share": 0.7838783973877741,
      "mean_monthly_return_overall": -0.006624870861354698,
      "mean_monthly_return_coherent": -0.007466474767466636,
      "mean_monthly_return_discordant": -0.0035723526809208614
    },
    {
      "trial_id": "7b1e6_00003",
      "ndcg_at_k_mean": 0.2959858985419413,
      "ndcg_at_k_std": 0.060879864411231006,
      "roi_at_k_mean": -0.0041427037816365855,
      "roi_at_k_std": 0.03979145578139845,
      "recall_at_k_mean": 0.4474334223234066,
      "recall_at_k_std": 0.06995276377720944,
      "profile_coherence_at_k_mean": 0.8614234368018394,
      "profile_coherence_at_k_std": 0.013085380423883351,
      "profile_coherence_lift_at_k_mean": 1.2911708785510063,
      "profile_coherence_lift_at_k_std": 0.03007511214662951,
      "split_count": 69,
      "profile_embedding_enabled": true,
      "profile_coherence_enabled": true,
      "profile_coherence_lambda": 0.5,
      "coherent_share": 0.8614806014533422,
      "mean_monthly_return_overall": -0.006378425272600944,
      "mean_monthly_return_coherent": -0.006525257452082237,
      "mean_monthly_return_discordant": -0.005465245778469333
    }
  ],
  "sensitivity_rows": [
    {
      "trial_id": "7b1e6_00004",
      "ndcg_at_k_mean": 0.3152224963264161,
      "ndcg_at_k_std": 0.06331941724724986,
      "roi_at_k_mean": -0.004449634596472266,
      "roi_at_k_std": 0.04106134195563378,
      "recall_at_k_mean": 0.4800231680252273,
      "recall_at_k_std": 0.07216670016052924,
      "profile_coherence_at_k_mean": 0.7884522375953138,
      "profile_coherence_at_k_std": 0.009424707685653386,
      "profile_coherence_lift_at_k_mean": 1.155534849831137,
      "profile_coherence_lift_at_k_std": 0.019119886389786993,
      "split_count": 69,
      "profile_embedding_enabled": true,
      "profile_coherence_enabled": true,
      "profile_coherence_lambda": 0.1,
      "coherent_share": 0.7882267621956108,
      "mean_monthly_return_overall": -0.006719694191184057,
      "mean_monthly_return_coherent": -0.007513237186935609,
      "mean_monthly_return_discordant": -0.0037661017888144846
    },
    {
      "trial_id": "7b1e6_00003",
      "ndcg_at_k_mean": 0.2959858985419413,
      "ndcg_at_k_std": 0.060879864411231006,
      "roi_at_k_mean": -0.0041427037816365855,
      "roi_at_k_std": 0.03979145578139845,
      "recall_at_k_mean": 0.4474334223234066,
      "recall_at_k_std": 0.06995276377720944,
      "profile_coherence_at_k_mean": 0.8614234368018394,
      "profile_coherence_at_k_std": 0.013085380423883351,
      "profile_coherence_lift_at_k_mean": 1.2911708785510063,
      "profile_coherence_lift_at_k_std": 0.03007511214662951,
      "split_count": 69,
      "profile_embedding_enabled": true,
      "profile_coherence_enabled": true,
      "profile_coherence_lambda": 0.5,
      "coherent_share": 0.8614806014533422,
      "mean_monthly_return_overall": -0.006378425272600944,
      "mean_monthly_return_coherent": -0.006525257452082237,
      "mean_monthly_return_discordant": -0.005465245778469333
    },
    {
      "trial_id": "7b1e6_00005",
      "ndcg_at_k_mean": 0.20512596704062083,
      "ndcg_at_k_std": 0.02411318715839096,
      "roi_at_k_mean": -0.0018787529303571956,
      "roi_at_k_std": 0.034941421515886605,
      "recall_at_k_mean": 0.32754840741631447,
      "recall_at_k_std": 0.03395249216345553,
      "profile_coherence_at_k_mean": 0.9374220052942632,
      "profile_coherence_at_k_std": 0.015350178924821826,
      "profile_coherence_lift_at_k_mean": 1.4373612823904718,
      "profile_coherence_lift_at_k_std": 0.03652333580875127,
      "split_count": 69,
      "profile_embedding_enabled": true,
      "profile_coherence_enabled": true,
      "profile_coherence_lambda": 1.0,
      "coherent_share": 0.9373918557444917,
      "mean_monthly_return_overall": -0.0036775771673116255,
      "mean_monthly_return_coherent": -0.004048279096305703,
      "mean_monthly_return_discordant": 0.0018727066380935667
    },
    {
      "trial_id": "7b1e6_00006",
      "ndcg_at_k_mean": 0.14554685350366903,
      "ndcg_at_k_std": 0.02521601265787334,
      "roi_at_k_mean": -0.000758859474900144,
      "roi_at_k_std": 0.034702924218193425,
      "recall_at_k_mean": 0.22018213725028993,
      "recall_at_k_std": 0.03029465360624841,
      "profile_coherence_at_k_mean": 0.9691231616227753,
      "profile_coherence_at_k_std": 0.01171887953629175,
      "profile_coherence_lift_at_k_mean": 1.5172467420454632,
      "profile_coherence_lift_at_k_std": 0.036284002892106974,
      "split_count": 69,
      "profile_embedding_enabled": true,
      "profile_coherence_enabled": true,
      "profile_coherence_lambda": 2.0,
      "coherent_share": 0.9690228205333781,
      "mean_monthly_return_overall": -0.002378760657198555,
      "mean_monthly_return_coherent": -0.002484950666564988,